Title,Rating,Date
Scuderia Ferrari F1 Men's 2022 Charles Leclerc Team T-Shirt (2XL) Red,4.4,2024-04-24
Scuderia Ferrari F1 Men's 2022 Charles Leclerc Team T-Shirt (2XL) Red,4.4,2024-04-24
Scuderia Ferrari F1 Men's 2022 Charles Leclerc Team T-Shirt (2XL) Red,4.4,2024-04-24
Scuderia Ferrari F1 Men's 2022 Charles Leclerc Team T-Shirt (2XL) Red,4.4,2024-04-24
Scuderia Ferrari F1 Men's 2022 Charles Leclerc Team T-Shirt (2XL) Red,4.4,2024-04-24
Scuderia Ferrari F1 Men's 2022 Charles Leclerc Team T-Shirt (2XL) Red,4.4,2024-04-24
Scuderia Ferrari F1 Men's 2022 Charles Leclerc Team T-Shirt (2XL) Red,4.4,2024-04-24
Scuderia Ferrari F1 Men's 2022 Charles Leclerc Team T-Shirt (2XL) Red,4.4,2024-04-24
Scuderia Ferrari F1 Men's 2022 Charles Leclerc Team T-Shirt (2XL) Red,4.4,2024-04-24
Scuderia Ferrari F1 Men's 2022 Charles Leclerc Team T-Shirt (2XL) Red,4.4,2024-04-24
Scuderia Ferrari F1 Men's 2022 Charles Leclerc Team T-Shirt (2XL) Red,4.4,2024-04-24
Scuderia Ferrari F1 Men's 2022 Charles Leclerc Team T-Shirt (2XL) Red,4.4,2024-04-24
Scuderia Ferrari F1 Men's 2022 Charles Leclerc Team T-Shirt (2XL) Red,4.4,2024-04-24
Scuderia Ferrari F1 Men's 2022 Charles Leclerc Team T-Shirt (2XL) Red,4.4,2024-04-24
